symbol,yahoo_symbol,name,series,isin,industry,source,as_of
ADANIENT,ADANIENT.NS,Adani Enterprises Ltd.,EQ,INE423A01024,Metals & Mining,niftyindices_ind_nifty50list,2026-04-29
ADANIPORTS,ADANIPORTS.NS,Adani Ports and Special Economic Zone Ltd.,EQ,INE742F01042,Services,niftyindices_ind_nifty50list,2026-04-29
APOLLOHOSP,APOLLOHOSP.NS,Apollo Hospitals Enterprise Ltd.,EQ,INE437A01024,Healthcare,niftyindices_ind_nifty50list,2026-04-29
ASIANPAINT,ASIANPAINT.NS,Asian Paints Ltd.,EQ,INE021A01026,Consumer Durables,niftyindices_ind_nifty50list,2026-04-29
AXISBANK,AXISBANK.NS,Axis Bank Ltd.,EQ,INE238A01034,Financial Services,niftyindices_ind_nifty50list,2026-04-29
BAJAJ-AUTO,BAJAJ-AUTO.NS,Bajaj Auto Ltd.,EQ,INE917I01010,Automobile and Auto Components,niftyindices_ind_nifty50list,2026-04-29
BAJAJFINSV,BAJAJFINSV.NS,Bajaj Finserv Ltd.,EQ,INE918I01026,Financial Services,niftyindices_ind_nifty50list,2026-04-29
BAJFINANCE,BAJFINANCE.NS,Bajaj Finance Ltd.,EQ,INE296A01032,Financial Services,niftyindices_ind_nifty50list,2026-04-29
BEL,BEL.NS,Bharat Electronics Ltd.,EQ,INE263A01024,Capital Goods,niftyindices_ind_nifty50list,2026-04-29
BHARTIARTL,BHARTIARTL.NS,Bharti Airtel Ltd.,EQ,INE397D01024,Telecommunication,niftyindices_ind_nifty50list,2026-04-29
CIPLA,CIPLA.NS,Cipla Ltd.,EQ,INE059A01026,Healthcare,niftyindices_ind_nifty50list,2026-04-29
COALINDIA,COALINDIA.NS,Coal India Ltd.,EQ,INE522F01014,Oil Gas & Consumable Fuels,niftyindices_ind_nifty50list,2026-04-29
DRREDDY,DRREDDY.NS,Dr. Reddy's Laboratories Ltd.,EQ,INE089A01031,Healthcare,niftyindices_ind_nifty50list,2026-04-29
EICHERMOT,EICHERMOT.NS,Eicher Motors Ltd.,EQ,INE066A01021,Automobile and Auto Components,niftyindices_ind_nifty50list,2026-04-29
ETERNAL,ETERNAL.NS,Eternal Ltd.,EQ,INE758T01015,Consumer Services,niftyindices_ind_nifty50list,2026-04-29
GRASIM,GRASIM.NS,Grasim Industries Ltd.,EQ,INE047A01021,Construction Materials,niftyindices_ind_nifty50list,2026-04-29
HCLTECH,HCLTECH.NS,HCL Technologies Ltd.,EQ,INE860A01027,Information Technology,niftyindices_ind_nifty50list,2026-04-29
HDFCBANK,HDFCBANK.NS,HDFC Bank Ltd.,EQ,INE040A01034,Financial Services,niftyindices_ind_nifty50list,2026-04-29
HDFCLIFE,HDFCLIFE.NS,HDFC Life Insurance Company Ltd.,EQ,INE795G01014,Financial Services,niftyindices_ind_nifty50list,2026-04-29
HINDALCO,HINDALCO.NS,Hindalco Industries Ltd.,EQ,INE038A01020,Metals & Mining,niftyindices_ind_nifty50list,2026-04-29
HINDUNILVR,HINDUNILVR.NS,Hindustan Unilever Ltd.,EQ,INE030A01027,Fast Moving Consumer Goods,niftyindices_ind_nifty50list,2026-04-29
ICICIBANK,ICICIBANK.NS,ICICI Bank Ltd.,EQ,INE090A01021,Financial Services,niftyindices_ind_nifty50list,2026-04-29
INDIGO,INDIGO.NS,InterGlobe Aviation Ltd.,EQ,INE646L01027,Services,niftyindices_ind_nifty50list,2026-04-29
INFY,INFY.NS,Infosys Ltd.,EQ,INE009A01021,Information Technology,niftyindices_ind_nifty50list,2026-04-29
ITC,ITC.NS,ITC Ltd.,EQ,INE154A01025,Fast Moving Consumer Goods,niftyindices_ind_nifty50list,2026-04-29
JIOFIN,JIOFIN.NS,Jio Financial Services Ltd.,EQ,INE758E01017,Financial Services,niftyindices_ind_nifty50list,2026-04-29
JSWSTEEL,JSWSTEEL.NS,JSW Steel Ltd.,EQ,INE019A01038,Metals & Mining,niftyindices_ind_nifty50list,2026-04-29
KOTAKBANK,KOTAKBANK.NS,Kotak Mahindra Bank Ltd.,EQ,INE237A01036,Financial Services,niftyindices_ind_nifty50list,2026-04-29
LT,LT.NS,Larsen & Toubro Ltd.,EQ,INE018A01030,Construction,niftyindices_ind_nifty50list,2026-04-29
M&M,M&M.NS,Mahindra & Mahindra Ltd.,EQ,INE101A01026,Automobile and Auto Components,niftyindices_ind_nifty50list,2026-04-29
MARUTI,MARUTI.NS,Maruti Suzuki India Ltd.,EQ,INE585B01010,Automobile and Auto Components,niftyindices_ind_nifty50list,2026-04-29
MAXHEALTH,MAXHEALTH.NS,Max Healthcare Institute Ltd.,EQ,INE027H01010,Healthcare,niftyindices_ind_nifty50list,2026-04-29
NESTLEIND,NESTLEIND.NS,Nestle India Ltd.,EQ,INE239A01024,Fast Moving Consumer Goods,niftyindices_ind_nifty50list,2026-04-29
NTPC,NTPC.NS,NTPC Ltd.,EQ,INE733E01010,Power,niftyindices_ind_nifty50list,2026-04-29
ONGC,ONGC.NS,Oil & Natural Gas Corporation Ltd.,EQ,INE213A01029,Oil Gas & Consumable Fuels,niftyindices_ind_nifty50list,2026-04-29
POWERGRID,POWERGRID.NS,Power Grid Corporation of India Ltd.,EQ,INE752E01010,Power,niftyindices_ind_nifty50list,2026-04-29
RELIANCE,RELIANCE.NS,Reliance Industries Ltd.,EQ,INE002A01018,Oil Gas & Consumable Fuels,niftyindices_ind_nifty50list,2026-04-29
SBILIFE,SBILIFE.NS,SBI Life Insurance Company Ltd.,EQ,INE123W01016,Financial Services,niftyindices_ind_nifty50list,2026-04-29
SBIN,SBIN.NS,State Bank of India,EQ,INE062A01020,Financial Services,niftyindices_ind_nifty50list,2026-04-29
SHRIRAMFIN,SHRIRAMFIN.NS,Shriram Finance Ltd.,EQ,INE721A01047,Financial Services,niftyindices_ind_nifty50list,2026-04-29
SUNPHARMA,SUNPHARMA.NS,Sun Pharmaceutical Industries Ltd.,EQ,INE044A01036,Healthcare,niftyindices_ind_nifty50list,2026-04-29
TATACONSUM,TATACONSUM.NS,Tata Consumer Products Ltd.,EQ,INE192A01025,Fast Moving Consumer Goods,niftyindices_ind_nifty50list,2026-04-29
TATASTEEL,TATASTEEL.NS,Tata Steel Ltd.,EQ,INE081A01020,Metals & Mining,niftyindices_ind_nifty50list,2026-04-29
TCS,TCS.NS,Tata Consultancy Services Ltd.,EQ,INE467B01029,Information Technology,niftyindices_ind_nifty50list,2026-04-29
TECHM,TECHM.NS,Tech Mahindra Ltd.,EQ,INE669C01036,Information Technology,niftyindices_ind_nifty50list,2026-04-29
TITAN,TITAN.NS,Titan Company Ltd.,EQ,INE280A01028,Consumer Durables,niftyindices_ind_nifty50list,2026-04-29
TMPV,TMPV.NS,Tata Motors Passenger Vehicles Ltd.,EQ,INE155A01022,Automobile and Auto Components,niftyindices_ind_nifty50list,2026-04-29
TRENT,TRENT.NS,Trent Ltd.,EQ,INE849A01020,Consumer Services,niftyindices_ind_nifty50list,2026-04-29
ULTRACEMCO,ULTRACEMCO.NS,UltraTech Cement Ltd.,EQ,INE481G01011,Construction Materials,niftyindices_ind_nifty50list,2026-04-29
WIPRO,WIPRO.NS,Wipro Ltd.,EQ,INE075A01022,Information Technology,niftyindices_ind_nifty50list,2026-04-29
